TaxonomicGroup,State,species_count
Birds,ACT,20
Birds,NSW,91
Birds,NT,38
Birds,QLD,73
Birds,SA,86
Birds,TAS,61
Birds,VIC,71
Birds,WA,66
Mammals,ACT,12
Mammals,NSW,57
Mammals,NT,45
Mammals,QLD,64
Mammals,SA,61
Mammals,TAS,12
Mammals,VIC,38
Mammals,WA,68
Reptiles,ACT,6
Reptiles,NSW,37
Reptiles,NT,20
Reptiles,QLD,46
Reptiles,SA,12
Reptiles,TAS,8
Reptiles,VIC,15
Reptiles,WA,22
Amphibians,ACT,6
Amphibians,NSW,29
Amphibians,NT,1
Amphibians,QLD,27
Amphibians,SA,1
Amphibians,TAS,1
Amphibians,VIC,11
Amphibians,WA,3
