Year,Index,Management
2000,1.0,No Known Management
2001,0.952732723,No Known Management
2002,0.891786829,No Known Management
2003,0.802844746,No Known Management
2004,0.802962417,No Known Management
2005,0.755981491,No Known Management
2006,0.726168789,No Known Management
2007,0.697921526,No Known Management
2008,0.630618026,No Known Management
2009,0.633015232,No Known Management
2010,0.590744943,No Known Management
2011,0.562112653,No Known Management
2012,0.54318014,No Known Management
2013,0.581104967,No Known Management
2014,0.479451652,No Known Management
2015,0.534685933,No Known Management
2016,0.42587563,No Known Management
2017,0.407399442,No Known Management
2000,1.0,Any Known Management
2001,0.715590542,Any Known Management
2002,0.698257333,Any Known Management
2003,0.653239235,Any Known Management
2004,0.675814766,Any Known Management
2005,0.733277169,Any Known Management
2006,0.897139835,Any Known Management
2007,1.101616489,Any Known Management
2008,0.9838304,Any Known Management
2009,0.959300058,Any Known Management
2010,1.109007159,Any Known Management
2011,1.080950228,Any Known Management
2012,1.135303718,Any Known Management
2013,1.059099003,Any Known Management
2014,1.151767322,Any Known Management
2015,1.279457084,Any Known Management
2016,1.38100787,Any Known Management
2017,1.277026457,Any Known Management
2000,1.0,Predator-Free Havens
2001,0.769830039,Predator-Free Havens
2002,1.091616347,Predator-Free Havens
2003,1.196300084,Predator-Free Havens
2004,1.397857139,Predator-Free Havens
2005,1.67623857,Predator-Free Havens
2006,2.674942232,Predator-Free Havens
2007,3.387116822,Predator-Free Havens
2008,3.563620596,Predator-Free Havens
2009,3.399363138,Predator-Free Havens
2010,5.281036762,Predator-Free Havens
2011,7.688136207,Predator-Free Havens
2012,8.006376975,Predator-Free Havens
2013,6.619469769,Predator-Free Havens
2014,7.243714202,Predator-Free Havens
2015,8.019076325,Predator-Free Havens
2016,8.951032848,Predator-Free Havens
2017,8.289925215,Predator-Free Havens
