year,value,low,high
1985,1.0,1.0,1.0
1986,1.02965617125761,0.954683620931013,1.15558257654136
1987,1.01286897686777,0.902183424084427,1.14430679877581
1988,0.945099256624097,0.822060559103407,1.09803548435054
1989,0.897787926506274,0.777485883344456,1.05560512254275
1990,0.88589759549049,0.761278113765546,1.05032674173239
1991,0.785135623850507,0.649459548064283,0.975193892628503
1992,0.784905373252823,0.649304276519298,0.97505276097961
1993,0.782774934958033,0.643642402655314,0.972458396175755
1994,0.774769716615731,0.632359424967469,0.961319086449256
1995,0.771529243225748,0.625482941434786,0.953285967313624
1996,0.705287869658115,0.567455305264886,0.883820933125211
1997,0.709947070854932,0.560379472987637,0.908248080871873
1998,0.712295471593018,0.556081341679803,0.921718182344802
1999,0.680793077153897,0.528606320553912,0.878844864246936
2000,0.643483394068667,0.49766593428748,0.840773783702951
2001,0.569497946639464,0.435508953955679,0.747402616399127
2002,0.520921224710623,0.395116174596124,0.687736889375716
2003,0.497616861132512,0.37044278416662,0.657033767458087
2004,0.470748315861522,0.351903301654813,0.624610339679786
2005,0.454353640545289,0.339784321787384,0.609147819289293
2006,0.420188425735323,0.315212950564679,0.563823341377114
2007,0.402561044176369,0.300783661648821,0.53993678271222
2008,0.383856387864654,0.28721330258495,0.519901994264313
2009,0.378387866892878,0.281692820257627,0.505782415215939
2010,0.371347230600448,0.277443799613224,0.498087983748797
2011,0.359025075974485,0.268126123138346,0.486904787658123
2012,0.338624204137357,0.252487618180648,0.462229422185056
2013,0.321120271276386,0.237382087532899,0.442317189697016
2014,0.294765326637596,0.216044774746642,0.408914705195675
2015,0.289259793031135,0.211746169499297,0.399420605072368
2016,0.274706613964553,0.202205091380374,0.377103516326151
2017,0.24926537700162,0.183102319533372,0.345727063822922
2018,0.244020590909121,0.177627000471938,0.336290313511995
2019,0.238858647799017,0.173354142724285,0.334926381935457
2020,0.240883670741825,0.177093521758375,0.337173048797848
2021,0.24898686943272,0.180073513629615,0.351829584626
2022,0.263773515720754,0.187970620005839,0.376973605497801
