class,x,y,status,pct_remaining
Amphibians,1,1,Remaining,3.0%
Amphibians,2,1,Remaining,3.0%
Amphibians,3,1,Remaining,3.0%
Amphibians,4,1,Lost,3.0%
Amphibians,5,1,Lost,3.0%
Amphibians,6,1,Lost,3.0%
Amphibians,7,1,Lost,3.0%
Amphibians,8,1,Lost,3.0%
Amphibians,9,1,Lost,3.0%
Amphibians,10,1,Lost,3.0%
Amphibians,1,2,Lost,3.0%
Amphibians,2,2,Lost,3.0%
Amphibians,3,2,Lost,3.0%
Amphibians,4,2,Lost,3.0%
Amphibians,5,2,Lost,3.0%
Amphibians,6,2,Lost,3.0%
Amphibians,7,2,Lost,3.0%
Amphibians,8,2,Lost,3.0%
Amphibians,9,2,Lost,3.0%
Amphibians,10,2,Lost,3.0%
Amphibians,1,3,Lost,3.0%
Amphibians,2,3,Lost,3.0%
Amphibians,3,3,Lost,3.0%
Amphibians,4,3,Lost,3.0%
Amphibians,5,3,Lost,3.0%
Amphibians,6,3,Lost,3.0%
Amphibians,7,3,Lost,3.0%
Amphibians,8,3,Lost,3.0%
Amphibians,9,3,Lost,3.0%
Amphibians,10,3,Lost,3.0%
Amphibians,1,4,Lost,3.0%
Amphibians,2,4,Lost,3.0%
Amphibians,3,4,Lost,3.0%
Amphibians,4,4,Lost,3.0%
Amphibians,5,4,Lost,3.0%
Amphibians,6,4,Lost,3.0%
Amphibians,7,4,Lost,3.0%
Amphibians,8,4,Lost,3.0%
Amphibians,9,4,Lost,3.0%
Amphibians,10,4,Lost,3.0%
Amphibians,1,5,Lost,3.0%
Amphibians,2,5,Lost,3.0%
Amphibians,3,5,Lost,3.0%
Amphibians,4,5,Lost,3.0%
Amphibians,5,5,Lost,3.0%
Amphibians,6,5,Lost,3.0%
Amphibians,7,5,Lost,3.0%
Amphibians,8,5,Lost,3.0%
Amphibians,9,5,Lost,3.0%
Amphibians,10,5,Lost,3.0%
Amphibians,1,6,Lost,3.0%
Amphibians,2,6,Lost,3.0%
Amphibians,3,6,Lost,3.0%
Amphibians,4,6,Lost,3.0%
Amphibians,5,6,Lost,3.0%
Amphibians,6,6,Lost,3.0%
Amphibians,7,6,Lost,3.0%
Amphibians,8,6,Lost,3.0%
Amphibians,9,6,Lost,3.0%
Amphibians,10,6,Lost,3.0%
Amphibians,1,7,Lost,3.0%
Amphibians,2,7,Lost,3.0%
Amphibians,3,7,Lost,3.0%
Amphibians,4,7,Lost,3.0%
Amphibians,5,7,Lost,3.0%
Amphibians,6,7,Lost,3.0%
Amphibians,7,7,Lost,3.0%
Amphibians,8,7,Lost,3.0%
Amphibians,9,7,Lost,3.0%
Amphibians,10,7,Lost,3.0%
Amphibians,1,8,Lost,3.0%
Amphibians,2,8,Lost,3.0%
Amphibians,3,8,Lost,3.0%
Amphibians,4,8,Lost,3.0%
Amphibians,5,8,Lost,3.0%
Amphibians,6,8,Lost,3.0%
Amphibians,7,8,Lost,3.0%
Amphibians,8,8,Lost,3.0%
Amphibians,9,8,Lost,3.0%
Amphibians,10,8,Lost,3.0%
Amphibians,1,9,Lost,3.0%
Amphibians,2,9,Lost,3.0%
Amphibians,3,9,Lost,3.0%
Amphibians,4,9,Lost,3.0%
Amphibians,5,9,Lost,3.0%
Amphibians,6,9,Lost,3.0%
Amphibians,7,9,Lost,3.0%
Amphibians,8,9,Lost,3.0%
Amphibians,9,9,Lost,3.0%
Amphibians,10,9,Lost,3.0%
Amphibians,1,10,Lost,3.0%
Amphibians,2,10,Lost,3.0%
Amphibians,3,10,Lost,3.0%
Amphibians,4,10,Lost,3.0%
Amphibians,5,10,Lost,3.0%
Amphibians,6,10,Lost,3.0%
Amphibians,7,10,Lost,3.0%
Amphibians,8,10,Lost,3.0%
Amphibians,9,10,Lost,3.0%
Amphibians,10,10,Lost,3.0%
Reptiles,1,1,Remaining,6.0%
Reptiles,2,1,Remaining,6.0%
Reptiles,3,1,Remaining,6.0%
Reptiles,4,1,Remaining,6.0%
Reptiles,5,1,Remaining,6.0%
Reptiles,6,1,Remaining,6.0%
Reptiles,7,1,Lost,6.0%
Reptiles,8,1,Lost,6.0%
Reptiles,9,1,Lost,6.0%
Reptiles,10,1,Lost,6.0%
Reptiles,1,2,Lost,6.0%
Reptiles,2,2,Lost,6.0%
Reptiles,3,2,Lost,6.0%
Reptiles,4,2,Lost,6.0%
Reptiles,5,2,Lost,6.0%
Reptiles,6,2,Lost,6.0%
Reptiles,7,2,Lost,6.0%
Reptiles,8,2,Lost,6.0%
Reptiles,9,2,Lost,6.0%
Reptiles,10,2,Lost,6.0%
Reptiles,1,3,Lost,6.0%
Reptiles,2,3,Lost,6.0%
Reptiles,3,3,Lost,6.0%
Reptiles,4,3,Lost,6.0%
Reptiles,5,3,Lost,6.0%
Reptiles,6,3,Lost,6.0%
Reptiles,7,3,Lost,6.0%
Reptiles,8,3,Lost,6.0%
Reptiles,9,3,Lost,6.0%
Reptiles,10,3,Lost,6.0%
Reptiles,1,4,Lost,6.0%
Reptiles,2,4,Lost,6.0%
Reptiles,3,4,Lost,6.0%
Reptiles,4,4,Lost,6.0%
Reptiles,5,4,Lost,6.0%
Reptiles,6,4,Lost,6.0%
Reptiles,7,4,Lost,6.0%
Reptiles,8,4,Lost,6.0%
Reptiles,9,4,Lost,6.0%
Reptiles,10,4,Lost,6.0%
Reptiles,1,5,Lost,6.0%
Reptiles,2,5,Lost,6.0%
Reptiles,3,5,Lost,6.0%
Reptiles,4,5,Lost,6.0%
Reptiles,5,5,Lost,6.0%
Reptiles,6,5,Lost,6.0%
Reptiles,7,5,Lost,6.0%
Reptiles,8,5,Lost,6.0%
Reptiles,9,5,Lost,6.0%
Reptiles,10,5,Lost,6.0%
Reptiles,1,6,Lost,6.0%
Reptiles,2,6,Lost,6.0%
Reptiles,3,6,Lost,6.0%
Reptiles,4,6,Lost,6.0%
Reptiles,5,6,Lost,6.0%
Reptiles,6,6,Lost,6.0%
Reptiles,7,6,Lost,6.0%
Reptiles,8,6,Lost,6.0%
Reptiles,9,6,Lost,6.0%
Reptiles,10,6,Lost,6.0%
Reptiles,1,7,Lost,6.0%
Reptiles,2,7,Lost,6.0%
Reptiles,3,7,Lost,6.0%
Reptiles,4,7,Lost,6.0%
Reptiles,5,7,Lost,6.0%
Reptiles,6,7,Lost,6.0%
Reptiles,7,7,Lost,6.0%
Reptiles,8,7,Lost,6.0%
Reptiles,9,7,Lost,6.0%
Reptiles,10,7,Lost,6.0%
Reptiles,1,8,Lost,6.0%
Reptiles,2,8,Lost,6.0%
Reptiles,3,8,Lost,6.0%
Reptiles,4,8,Lost,6.0%
Reptiles,5,8,Lost,6.0%
Reptiles,6,8,Lost,6.0%
Reptiles,7,8,Lost,6.0%
Reptiles,8,8,Lost,6.0%
Reptiles,9,8,Lost,6.0%
Reptiles,10,8,Lost,6.0%
Reptiles,1,9,Lost,6.0%
Reptiles,2,9,Lost,6.0%
Reptiles,3,9,Lost,6.0%
Reptiles,4,9,Lost,6.0%
Reptiles,5,9,Lost,6.0%
Reptiles,6,9,Lost,6.0%
Reptiles,7,9,Lost,6.0%
Reptiles,8,9,Lost,6.0%
Reptiles,9,9,Lost,6.0%
Reptiles,10,9,Lost,6.0%
Reptiles,1,10,Lost,6.0%
Reptiles,2,10,Lost,6.0%
Reptiles,3,10,Lost,6.0%
Reptiles,4,10,Lost,6.0%
Reptiles,5,10,Lost,6.0%
Reptiles,6,10,Lost,6.0%
Reptiles,7,10,Lost,6.0%
Reptiles,8,10,Lost,6.0%
Reptiles,9,10,Lost,6.0%
Reptiles,10,10,Lost,6.0%
Birds,1,1,Remaining,44.2%
Birds,2,1,Remaining,44.2%
Birds,3,1,Remaining,44.2%
Birds,4,1,Remaining,44.2%
Birds,5,1,Remaining,44.2%
Birds,6,1,Remaining,44.2%
Birds,7,1,Remaining,44.2%
Birds,8,1,Remaining,44.2%
Birds,9,1,Remaining,44.2%
Birds,10,1,Remaining,44.2%
Birds,1,2,Remaining,44.2%
Birds,2,2,Remaining,44.2%
Birds,3,2,Remaining,44.2%
Birds,4,2,Remaining,44.2%
Birds,5,2,Remaining,44.2%
Birds,6,2,Remaining,44.2%
Birds,7,2,Remaining,44.2%
Birds,8,2,Remaining,44.2%
Birds,9,2,Remaining,44.2%
Birds,10,2,Remaining,44.2%
Birds,1,3,Remaining,44.2%
Birds,2,3,Remaining,44.2%
Birds,3,3,Remaining,44.2%
Birds,4,3,Remaining,44.2%
Birds,5,3,Remaining,44.2%
Birds,6,3,Remaining,44.2%
Birds,7,3,Remaining,44.2%
Birds,8,3,Remaining,44.2%
Birds,9,3,Remaining,44.2%
Birds,10,3,Remaining,44.2%
Birds,1,4,Remaining,44.2%
Birds,2,4,Remaining,44.2%
Birds,3,4,Remaining,44.2%
Birds,4,4,Remaining,44.2%
Birds,5,4,Remaining,44.2%
Birds,6,4,Remaining,44.2%
Birds,7,4,Remaining,44.2%
Birds,8,4,Remaining,44.2%
Birds,9,4,Remaining,44.2%
Birds,10,4,Remaining,44.2%
Birds,1,5,Remaining,44.2%
Birds,2,5,Remaining,44.2%
Birds,3,5,Remaining,44.2%
Birds,4,5,Remaining,44.2%
Birds,5,5,Lost,44.2%
Birds,6,5,Lost,44.2%
Birds,7,5,Lost,44.2%
Birds,8,5,Lost,44.2%
Birds,9,5,Lost,44.2%
Birds,10,5,Lost,44.2%
Birds,1,6,Lost,44.2%
Birds,2,6,Lost,44.2%
Birds,3,6,Lost,44.2%
Birds,4,6,Lost,44.2%
Birds,5,6,Lost,44.2%
Birds,6,6,Lost,44.2%
Birds,7,6,Lost,44.2%
Birds,8,6,Lost,44.2%
Birds,9,6,Lost,44.2%
Birds,10,6,Lost,44.2%
Birds,1,7,Lost,44.2%
Birds,2,7,Lost,44.2%
Birds,3,7,Lost,44.2%
Birds,4,7,Lost,44.2%
Birds,5,7,Lost,44.2%
Birds,6,7,Lost,44.2%
Birds,7,7,Lost,44.2%
Birds,8,7,Lost,44.2%
Birds,9,7,Lost,44.2%
Birds,10,7,Lost,44.2%
Birds,1,8,Lost,44.2%
Birds,2,8,Lost,44.2%
Birds,3,8,Lost,44.2%
Birds,4,8,Lost,44.2%
Birds,5,8,Lost,44.2%
Birds,6,8,Lost,44.2%
Birds,7,8,Lost,44.2%
Birds,8,8,Lost,44.2%
Birds,9,8,Lost,44.2%
Birds,10,8,Lost,44.2%
Birds,1,9,Lost,44.2%
Birds,2,9,Lost,44.2%
Birds,3,9,Lost,44.2%
Birds,4,9,Lost,44.2%
Birds,5,9,Lost,44.2%
Birds,6,9,Lost,44.2%
Birds,7,9,Lost,44.2%
Birds,8,9,Lost,44.2%
Birds,9,9,Lost,44.2%
Birds,10,9,Lost,44.2%
Birds,1,10,Lost,44.2%
Birds,2,10,Lost,44.2%
Birds,3,10,Lost,44.2%
Birds,4,10,Lost,44.2%
Birds,5,10,Lost,44.2%
Birds,6,10,Lost,44.2%
Birds,7,10,Lost,44.2%
Birds,8,10,Lost,44.2%
Birds,9,10,Lost,44.2%
Birds,10,10,Lost,44.2%
Mammals,1,1,Remaining,62.0%
Mammals,2,1,Remaining,62.0%
Mammals,3,1,Remaining,62.0%
Mammals,4,1,Remaining,62.0%
Mammals,5,1,Remaining,62.0%
Mammals,6,1,Remaining,62.0%
Mammals,7,1,Remaining,62.0%
Mammals,8,1,Remaining,62.0%
Mammals,9,1,Remaining,62.0%
Mammals,10,1,Remaining,62.0%
Mammals,1,2,Remaining,62.0%
Mammals,2,2,Remaining,62.0%
Mammals,3,2,Remaining,62.0%
Mammals,4,2,Remaining,62.0%
Mammals,5,2,Remaining,62.0%
Mammals,6,2,Remaining,62.0%
Mammals,7,2,Remaining,62.0%
Mammals,8,2,Remaining,62.0%
Mammals,9,2,Remaining,62.0%
Mammals,10,2,Remaining,62.0%
Mammals,1,3,Remaining,62.0%
Mammals,2,3,Remaining,62.0%
Mammals,3,3,Remaining,62.0%
Mammals,4,3,Remaining,62.0%
Mammals,5,3,Remaining,62.0%
Mammals,6,3,Remaining,62.0%
Mammals,7,3,Remaining,62.0%
Mammals,8,3,Remaining,62.0%
Mammals,9,3,Remaining,62.0%
Mammals,10,3,Remaining,62.0%
Mammals,1,4,Remaining,62.0%
Mammals,2,4,Remaining,62.0%
Mammals,3,4,Remaining,62.0%
Mammals,4,4,Remaining,62.0%
Mammals,5,4,Remaining,62.0%
Mammals,6,4,Remaining,62.0%
Mammals,7,4,Remaining,62.0%
Mammals,8,4,Remaining,62.0%
Mammals,9,4,Remaining,62.0%
Mammals,10,4,Remaining,62.0%
Mammals,1,5,Remaining,62.0%
Mammals,2,5,Remaining,62.0%
Mammals,3,5,Remaining,62.0%
Mammals,4,5,Remaining,62.0%
Mammals,5,5,Remaining,62.0%
Mammals,6,5,Remaining,62.0%
Mammals,7,5,Remaining,62.0%
Mammals,8,5,Remaining,62.0%
Mammals,9,5,Remaining,62.0%
Mammals,10,5,Remaining,62.0%
Mammals,1,6,Remaining,62.0%
Mammals,2,6,Remaining,62.0%
Mammals,3,6,Remaining,62.0%
Mammals,4,6,Remaining,62.0%
Mammals,5,6,Remaining,62.0%
Mammals,6,6,Remaining,62.0%
Mammals,7,6,Remaining,62.0%
Mammals,8,6,Remaining,62.0%
Mammals,9,6,Remaining,62.0%
Mammals,10,6,Remaining,62.0%
Mammals,1,7,Remaining,62.0%
Mammals,2,7,Remaining,62.0%
Mammals,3,7,Lost,62.0%
Mammals,4,7,Lost,62.0%
Mammals,5,7,Lost,62.0%
Mammals,6,7,Lost,62.0%
Mammals,7,7,Lost,62.0%
Mammals,8,7,Lost,62.0%
Mammals,9,7,Lost,62.0%
Mammals,10,7,Lost,62.0%
Mammals,1,8,Lost,62.0%
Mammals,2,8,Lost,62.0%
Mammals,3,8,Lost,62.0%
Mammals,4,8,Lost,62.0%
Mammals,5,8,Lost,62.0%
Mammals,6,8,Lost,62.0%
Mammals,7,8,Lost,62.0%
Mammals,8,8,Lost,62.0%
Mammals,9,8,Lost,62.0%
Mammals,10,8,Lost,62.0%
Mammals,1,9,Lost,62.0%
Mammals,2,9,Lost,62.0%
Mammals,3,9,Lost,62.0%
Mammals,4,9,Lost,62.0%
Mammals,5,9,Lost,62.0%
Mammals,6,9,Lost,62.0%
Mammals,7,9,Lost,62.0%
Mammals,8,9,Lost,62.0%
Mammals,9,9,Lost,62.0%
Mammals,10,9,Lost,62.0%
Mammals,1,10,Lost,62.0%
Mammals,2,10,Lost,62.0%
Mammals,3,10,Lost,62.0%
Mammals,4,10,Lost,62.0%
Mammals,5,10,Lost,62.0%
Mammals,6,10,Lost,62.0%
Mammals,7,10,Lost,62.0%
Mammals,8,10,Lost,62.0%
Mammals,9,10,Lost,62.0%
Mammals,10,10,Lost,62.0%
